cnt,Scenario 
0.202326758,Scenario A
0.768676435,Scenario A
7.135777998,Scenario A
0.612244898,Scenario A
1.153942637,Scenario A
1.046954315,Scenario A
1.005878511,Scenario A
1.092202184,Scenario A
1.042575467,Scenario A
0.957381099,Scenario A
0.950782998,Scenario A
1.087883959,Scenario A
0.992410975,Scenario A
1.079136691,Scenario A
9.482758621,Scenario A
7.647058824,Scenario A
0.811618966,Scenario A
1.01292884,Scenario A
1.152656733,Scenario A
1.031724389,Scenario A
0.317348378,Scenario A
0.956632653,Scenario A
1.063829787,Scenario A
1.064870151,Scenario A
0.968677649,Scenario A
0.947749715,Scenario A
0.838118392,Scenario A
0.99938902,Scenario A
1.364764268,Scenario A
0.948175088,Scenario A
1.080708209,Scenario A
1.062339482,Scenario A
0.992237844,Scenario A
0.807217474,Scenario A
1.236476043,Scenario A
0.961824492,Scenario A
2.027436255,Scenario A
0,Scenario A
0.985852378,Scenario A
1.642036125,Scenario A
0.376470588,Scenario A
-38.05208168,Scenario A
1.001882324,Scenario A
0,Scenario A
1.031073446,Scenario A
7.785753727,Scenario A
1.079835865,Scenario A
0.749921883,Scenario A
1.023277253,Scenario A
0.943987466,Scenario A
0.815737091,Scenario A
0.828647529,Scenario A
0.860847772,Scenario A
0.992768722,Scenario A
0.973020787,Scenario A
1.016609393,Scenario A
1.13688457,Scenario A
0.984251969,Scenario A
0.948246316,Scenario A
1.009085235,Scenario A
0.966910185,Scenario A
0.606772362,Scenario A
1.052170101,Scenario A
0.91503268,Scenario A
1.033266129,Scenario A
0.673400673,Scenario A
0.877192982,Scenario A
1.02954342,Scenario A
1.089449541,Scenario A
0.810372771,Scenario A
1.063264221,Scenario A
1.008902077,Scenario A
0.440251572,Scenario A
2.361064707,Scenario A
0.357142857,Scenario A
4.060248854,Scenario A
1.007757078,Scenario A
0.983606557,Scenario A
1.07457899,Scenario A
0.731409996,Scenario A
0.878062597,Scenario A
0.953619419,Scenario A
1.53256705,Scenario A
0.958921861,Scenario A
0.451467269,Scenario A
1.110288675,Scenario A
1.193755739,Scenario A
0.992270733,Scenario A
0.511508951,Scenario A
8.893280632,Scenario A
1.117519827,Scenario A
0.833333333,Scenario A
3.842105263,Scenario A
0.967986472,Scenario A
0.331125828,Scenario A
0.833061091,Scenario A
1.117913229,Scenario A
1.008023041,Scenario A
0.923787529,Scenario A
0.967511407,Scenario A
0.291828794,Scenario A
1.075794621,Scenario A
0.378071834,Scenario A
0.862068966,Scenario A
8.062330623,Scenario A
0.995914198,Scenario A
1.298076923,Scenario A
0.830056793,Scenario A
0.656370656,Scenario A
0,Scenario A
0.572737686,Scenario A
0.975177305,Scenario A
0.704225352,Scenario A
1.30866426,Scenario A
0.4784689,Scenario A
1.263157895,Scenario A
1.054510058,Scenario A
1.072274057,Scenario A
0.822368421,Scenario A
0.473036897,Scenario A
0.387596899,Scenario A
1.282051282,Scenario A
7.789473684,Scenario A
0.942824061,Scenario A
1.003764115,Scenario A
0.925421884,Scenario A
0.980173758,Scenario A
0.99009901,Scenario A
1.111111111,Scenario A
0.252365931,Scenario A
0.911854103,Scenario A
8.173477898,Scenario A
0.389863548,Scenario A
0.505561173,Scenario A
1.457725948,Scenario A
0.893203883,Scenario A
0.772797527,Scenario A
1.215870307,Scenario A
0.698856417,Scenario A
0.591715976,Scenario A
0.894392845,Scenario A
0.943150774,Scenario A
1.029367242,Scenario A
1.069201069,Scenario A
9.300095877,Scenario A
0.741739717,Scenario A
0.675512666,Scenario A
0.393700787,Scenario A
1.279863481,Scenario A
0.971463267,Scenario A
1.07925801,Scenario A
0.63559322,Scenario A
0.649878148,Scenario A
1.018922853,Scenario A
0.897867565,Scenario A
0.731570062,Scenario A
0.894736842,Scenario A
1.001754899,Scenario A
0.707918196,Scenario A
0,Scenario A
1.01010101,Scenario A
1.030927835,Scenario A
1.224846894,Scenario A
8.531746032,Scenario A
1.478953356,Scenario A
1.154734411,Scenario A
0.231481481,Scenario A
1.388888889,Scenario A
0.420168067,Scenario A
0.660501982,Scenario A
9.455128205,Scenario A
0.332225914,Scenario A
1.20593692,Scenario A
8.678102926,Scenario A
1.035196687,Scenario A
0,Scenario A
0.926998841,Scenario A
1.643305945,Scenario A
0.64683053,Scenario A
0.712685807,Scenario A
1.732811627,Scenario A
0.897454759,Scenario A
8.211143695,Scenario A
1.095556908,Scenario A
0.503919373,Scenario A
0.925925926,Scenario A
1.026543481,Scenario A
1.147605857,Scenario A
0.35746202,Scenario A
0.844673862,Scenario A
6.887417219,Scenario A
0.348432056,Scenario A
7.785467128,Scenario A
3.11550152,Scenario A
1.006711409,Scenario A
0.967805649,Scenario A
7.166666667,Scenario A
1.321353066,Scenario A
9.136630344,Scenario A
0.921393608,Scenario A
0.846859562,Scenario A
1.029295329,Scenario A
0.952962737,Scenario A
0.348432056,Scenario A
0.406504065,Scenario A
0,Scenario A
1.196649382,Scenario A
1.526717557,Scenario A
1.321003963,Scenario A
0.422832981,Scenario A
1.082581541,Scenario A
1.14379085,Scenario A
5.128205128,Scenario A
0.167785235,Scenario A
0.484848485,Scenario A
0.925925926,Scenario A
1.055194805,Scenario A
0.284900285,Scenario A
1.449275362,Scenario A
6.8359375,Scenario A
9.064327485,Scenario A
1.020408163,Scenario A
1.518438178,Scenario A
0.59568131,Scenario A
1.746478873,Scenario A
0.983069361,Scenario A
0.637522769,Scenario A
0.946891725,Scenario A
0.747663551,Scenario A
7.81671159,Scenario A
7.246376812,Scenario A
0.423728814,Scenario A
0.540540541,Scenario A
0,Scenario A
1.144492132,Scenario A
0.489396411,Scenario A
0.951086957,Scenario A
0.936329588,Scenario A
1.063829787,Scenario A
7.83045977,Scenario A
0.700848395,Scenario A
1.401869159,Scenario A
0,Scenario A
0.043802015,Scenario A
0,Scenario A
0.892857143,Scenario A
0.724637681,Scenario A
0.317965024,Scenario A
7.068062827,Scenario A
0.90763481,Scenario A
0.833333333,Scenario A
1.033170201,Scenario A
0.16722408,Scenario A
0.829875519,Scenario A
0.748129676,Scenario A
0.815494393,Scenario A
0.447761194,Scenario A
0.397140588,Scenario A
1.272084806,Scenario A
1.317296678,Scenario A
1.181102362,Scenario A
1.834862385,Scenario A
7.547169811,Scenario A
2.06185567,Scenario A
7.010582011,Scenario A
0.436681223,Scenario A
1.354401806,Scenario A
0.375469337,Scenario A
0.166112957,Scenario A
1.022222222,Scenario A
7.5,Scenario A
1.528384279,Scenario A
0.779220779,Scenario A
0.778210117,Scenario A
0,Scenario A
1.326899879,Scenario A
1.098901099,Scenario A
1.13735783,Scenario A
0,Scenario A
1.236263736,Scenario A
1.340996169,Scenario A
0.991735537,Scenario A
0,Scenario A
0.67114094,Scenario A
1.450777202,Scenario A
1.522248244,Scenario A
0.74906367,Scenario A
0.185528757,Scenario A
1.196172249,Scenario A
1.346153846,Scenario A
1.160862355,Scenario A
0.895953757,Scenario A
1.146496815,Scenario A
9.455587393,Scenario A
1.915708812,Scenario A
0.852878465,Scenario A
1.460674157,Scenario A
0.498007968,Scenario A
0.307692308,Scenario A
9.205020921,Scenario A
0.418760469,Scenario A
0,Scenario A
0,Scenario A
1.110596946,Scenario A
0,Scenario A
0.882352941,Scenario A
1.136363636,Scenario A
2.074688797,Scenario A
0,Scenario A
1.293103448,Scenario A
7.437631149,Scenario A
0.970873786,Scenario A
7.520891365,Scenario A
0.609756098,Scenario A
0,Scenario A
0.896495518,Scenario A
0.441501104,Scenario A
0.273972603,Scenario A
5.220522052,Scenario A
1.115241636,Scenario A
0,Scenario A
2.727272727,Scenario A
0.387596899,Scenario A
1.039861352,Scenario A
0.179856115,Scenario A
1.048218029,Scenario A
1.454545455,Scenario A
0.938967136,Scenario A
1.085481682,Scenario A
0.96723869,Scenario A
0.104166667,Scenario A
0.712589074,Scenario A
0.97323601,Scenario A
1.70212766,Scenario A
7.654723127,Scenario A
1.538461538,Scenario A
3.086419753,Scenario A
0,Scenario A
0.541638456,Scenario A
0.995024876,Scenario A
7.282415631,Scenario A
1.181102362,Scenario A
1.271186441,Scenario A
1.10619469,Scenario A
1.151315789,Scenario A
1.410437236,Scenario A
0.924024641,Scenario A
1.123595506,Scenario A
1.704545455,Scenario A
4.99001996,Scenario A
0,Scenario A
5.808325266,Scenario A
1.414141414,Scenario A
2.127659574,Scenario A
0.340136054,Scenario A
0,Scenario A
1.052631579,Scenario A
1.666666667,Scenario A
0,Scenario A
0.399201597,Scenario A
0.084175084,Scenario A
1.025641026,Scenario A
0.764818356,Scenario A
0,Scenario A
0,Scenario A
0.666666667,Scenario A
0.595238095,Scenario A
0.534759358,Scenario A
1.151761518,Scenario A
1.195219124,Scenario A
0.296735905,Scenario A
0,Scenario A
0.706713781,Scenario A
1.793721973,Scenario A
0.5,Scenario A
0.895036615,Scenario A
0,Scenario A
1.515151515,Scenario A
2.681992337,Scenario A
0.355871886,Scenario A
0,Scenario A
5.617977528,Scenario A
1.342281879,Scenario A
0,Scenario A
2.857142857,Scenario A
0.293255132,Scenario A
1.785714286,Scenario A
0,Scenario A
2.028985507,Scenario A
0.380228137,Scenario A
1.492537313,Scenario A
0.959692898,Scenario A
0.952380952,Scenario A
0.943396226,Scenario A
2.976190476,Scenario A
0.564971751,Scenario A
10.14925373,Scenario A
2.881040892,Scenario A
-42.69094588,Scenario B (Beta = 1.76)
-49.79582032,Scenario B (Beta = 1.76)
-39.44499504,Scenario B (Beta = 1.76)
-30,Scenario B (Beta = 1.76)
-19.5250439,Scenario B (Beta = 1.76)
-19.31472081,Scenario B (Beta = 1.76)
-21.09732201,Scenario B (Beta = 1.76)
-19.25323851,Scenario B (Beta = 1.76)
-18.1512825,Scenario B (Beta = 1.76)
-19.74984558,Scenario B (Beta = 1.76)
-19.09955257,Scenario B (Beta = 1.76)
-27.83703072,Scenario B (Beta = 1.76)
-41.03911267,Scenario B (Beta = 1.76)
-13.83195331,Scenario B (Beta = 1.76)
-29.74137931,Scenario B (Beta = 1.76)
-25.03267974,Scenario B (Beta = 1.76)
-19.90602307,Scenario B (Beta = 1.76)
-12.15005599,Scenario B (Beta = 1.76)
-16.69946584,Scenario B (Beta = 1.76)
-12.97609308,Scenario B (Beta = 1.76)
-23.80112835,Scenario B (Beta = 1.76)
-11.63903061,Scenario B (Beta = 1.76)
-17.29879741,Scenario B (Beta = 1.76)
-15.58187548,Scenario B (Beta = 1.76)
-9.575005988,Scenario B (Beta = 1.76)
-12.07264427,Scenario B (Beta = 1.76)
-14.79502887,Scenario B (Beta = 1.76)
-15.57126647,Scenario B (Beta = 1.76)
-17.40517547,Scenario B (Beta = 1.76)
-11.33913495,Scenario B (Beta = 1.76)
-12.34766613,Scenario B (Beta = 1.76)
-11.31216437,Scenario B (Beta = 1.76)
-12.06795548,Scenario B (Beta = 1.76)
-20.05698006,Scenario B (Beta = 1.76)
-31.3755796,Scenario B (Beta = 1.76)
-8.527516113,Scenario B (Beta = 1.76)
-17.25516322,Scenario B (Beta = 1.76)
-54.21686747,Scenario B (Beta = 1.76)
-5.812688048,Scenario B (Beta = 1.76)
-43.51395731,Scenario B (Beta = 1.76)
-15.48235294,Scenario B (Beta = 1.76)
-11.10693367,Scenario B (Beta = 1.76)
-12.26546846,Scenario B (Beta = 1.76)
-19.03276131,Scenario B (Beta = 1.76)
-10.28954802,Scenario B (Beta = 1.76)
-7.233572612,Scenario B (Beta = 1.76)
-4.873659204,Scenario B (Beta = 1.76)
-12.31121758,Scenario B (Beta = 1.76)
-7.835906891,Scenario B (Beta = 1.76)
-5.797101449,Scenario B (Beta = 1.76)
-10.16353772,Scenario B (Beta = 1.76)
-21.16010654,Scenario B (Beta = 1.76)
-8.94627874,Scenario B (Beta = 1.76)
-7.525432038,Scenario B (Beta = 1.76)
-3.060592658,Scenario B (Beta = 1.76)
-12.95819015,Scenario B (Beta = 1.76)
-7.252223343,Scenario B (Beta = 1.76)
-28.1496063,Scenario B (Beta = 1.76)
-4.958300011,Scenario B (Beta = 1.76)
-3.866426243,Scenario B (Beta = 1.76)
-6.13450795,Scenario B (Beta = 1.76)
-21.02172637,Scenario B (Beta = 1.76)
-23.49846559,Scenario B (Beta = 1.76)
-4.885620915,Scenario B (Beta = 1.76)
-5.493951613,Scenario B (Beta = 1.76)
-7.160493827,Scenario B (Beta = 1.76)
-30.70175439,Scenario B (Beta = 1.76)
-5.528200537,Scenario B (Beta = 1.76)
-13.47477064,Scenario B (Beta = 1.76)
-18.8006483,Scenario B (Beta = 1.76)
-25.51834131,Scenario B (Beta = 1.76)
-18.04154303,Scenario B (Beta = 1.76)
-11.82389937,Scenario B (Beta = 1.76)
-1.399097895,Scenario B (Beta = 1.76)
-10.17857143,Scenario B (Beta = 1.76)
-4.072155742,Scenario B (Beta = 1.76)
-2.221043559,Scenario B (Beta = 1.76)
-14.3852459,Scenario B (Beta = 1.76)
-17.99518845,Scenario B (Beta = 1.76)
-13.81552215,Scenario B (Beta = 1.76)
-4.291176887,Scenario B (Beta = 1.76)
-9.832394163,Scenario B (Beta = 1.76)
-48.27586207,Scenario B (Beta = 1.76)
-3.084100039,Scenario B (Beta = 1.76)
-27.20090293,Scenario B (Beta = 1.76)
-16.91339748,Scenario B (Beta = 1.76)
-24.97704316,Scenario B (Beta = 1.76)
3.540839774,Scenario B (Beta = 1.76)
-8.695652174,Scenario B (Beta = 1.76)
15.48089592,Scenario B (Beta = 1.76)
-3.028118241,Scenario B (Beta = 1.76)
-2.857142857,Scenario B (Beta = 1.76)
-0.631578947,Scenario B (Beta = 1.76)
-0.915505277,Scenario B (Beta = 1.76)
0,Scenario B (Beta = 1.76)
0.53903953,Scenario B (Beta = 1.76)
-12.69630024,Scenario B (Beta = 1.76)
6.346430776,Scenario B (Beta = 1.76)
-4.647806005,Scenario B (Beta = 1.76)
3.463251058,Scenario B (Beta = 1.76)
-7.782101167,Scenario B (Beta = 1.76)
-3.471882641,Scenario B (Beta = 1.76)
-6.805293006,Scenario B (Beta = 1.76)
-27.10727969,Scenario B (Beta = 1.76)
11.58536585,Scenario B (Beta = 1.76)
0.408580184,Scenario B (Beta = 1.76)
-0.865384615,Scenario B (Beta = 1.76)
-17.43119266,Scenario B (Beta = 1.76)
-9.227799228,Scenario B (Beta = 1.76)
3.773584906,Scenario B (Beta = 1.76)
3.493699885,Scenario B (Beta = 1.76)
-15.78014184,Scenario B (Beta = 1.76)
11.97183099,Scenario B (Beta = 1.76)
10.46931408,Scenario B (Beta = 1.76)
-5.502392344,Scenario B (Beta = 1.76)
-3.368421053,Scenario B (Beta = 1.76)
2.33614536,Scenario B (Beta = 1.76)
8.522489904,Scenario B (Beta = 1.76)
-29.52302632,Scenario B (Beta = 1.76)
-14.56953642,Scenario B (Beta = 1.76)
7.751937984,Scenario B (Beta = 1.76)
15.64102564,Scenario B (Beta = 1.76)
14.52631579,Scenario B (Beta = 1.76)
13.44213486,Scenario B (Beta = 1.76)
-0.95357591,Scenario B (Beta = 1.76)
5.588822355,Scenario B (Beta = 1.76)
2.762307864,Scenario B (Beta = 1.76)
-22.77227723,Scenario B (Beta = 1.76)
-0.229885057,Scenario B (Beta = 1.76)
32.55520505,Scenario B (Beta = 1.76)
-2.73556231,Scenario B (Beta = 1.76)
25.02085071,Scenario B (Beta = 1.76)
-35.86744639,Scenario B (Beta = 1.76)
8.796764408,Scenario B (Beta = 1.76)
0.388726919,Scenario B (Beta = 1.76)
-10.29126214,Scenario B (Beta = 1.76)
-10.51004637,Scenario B (Beta = 1.76)
8.276450512,Scenario B (Beta = 1.76)
14.54891995,Scenario B (Beta = 1.76)
-13.14924392,Scenario B (Beta = 1.76)
-1.066391469,Scenario B (Beta = 1.76)
11.94874463,Scenario B (Beta = 1.76)
19.65637299,Scenario B (Beta = 1.76)
5.242055242,Scenario B (Beta = 1.76)
21.57238734,Scenario B (Beta = 1.76)
13.74626722,Scenario B (Beta = 1.76)
10.20506634,Scenario B (Beta = 1.76)
14.17322835,Scenario B (Beta = 1.76)
-15.52901024,Scenario B (Beta = 1.76)
8.378870674,Scenario B (Beta = 1.76)
5.935919056,Scenario B (Beta = 1.76)
-12.97669492,Scenario B (Beta = 1.76)
-11.77904143,Scenario B (Beta = 1.76)
0.946142649,Scenario B (Beta = 1.76)
-8.249158249,Scenario B (Beta = 1.76)
15.25042206,Scenario B (Beta = 1.76)
15.57894737,Scenario B (Beta = 1.76)
20.6712489,Scenario B (Beta = 1.76)
14.44677504,Scenario B (Beta = 1.76)
8.108108108,Scenario B (Beta = 1.76)
8.469308469,Scenario B (Beta = 1.76)
-4.639175258,Scenario B (Beta = 1.76)
4.724409449,Scenario B (Beta = 1.76)
24.4047619,Scenario B (Beta = 1.76)
9.44254835,Scenario B (Beta = 1.76)
10.79676674,Scenario B (Beta = 1.76)
-13.88888889,Scenario B (Beta = 1.76)
-18.28703704,Scenario B (Beta = 1.76)
28.57142857,Scenario B (Beta = 1.76)
-17.56935271,Scenario B (Beta = 1.76)
33.49358974,Scenario B (Beta = 1.76)
37.20930233,Scenario B (Beta = 1.76)
13.26530612,Scenario B (Beta = 1.76)
30.07063572,Scenario B (Beta = 1.76)
-12.11180124,Scenario B (Beta = 1.76)
41.26074499,Scenario B (Beta = 1.76)
9.115488606,Scenario B (Beta = 1.76)
0.821652972,Scenario B (Beta = 1.76)
14.61836999,Scenario B (Beta = 1.76)
18.95744248,Scenario B (Beta = 1.76)
20.45835662,Scenario B (Beta = 1.76)
25.31999412,Scenario B (Beta = 1.76)
54.3255132,Scenario B (Beta = 1.76)
12.65976872,Scenario B (Beta = 1.76)
22.8443449,Scenario B (Beta = 1.76)
-11.11111111,Scenario B (Beta = 1.76)
12.83179352,Scenario B (Beta = 1.76)
4.74871389,Scenario B (Beta = 1.76)
27.3458445,Scenario B (Beta = 1.76)
13.56170812,Scenario B (Beta = 1.76)
37.08609272,Scenario B (Beta = 1.76)
32.40418118,Scenario B (Beta = 1.76)
28.5467128,Scenario B (Beta = 1.76)
31.67426545,Scenario B (Beta = 1.76)
16.10738255,Scenario B (Beta = 1.76)
22.25952992,Scenario B (Beta = 1.76)
30.5,Scenario B (Beta = 1.76)
14.4820296,Scenario B (Beta = 1.76)
44.00670578,Scenario B (Beta = 1.76)
20.93291103,Scenario B (Beta = 1.76)
-6.139731828,Scenario B (Beta = 1.76)
14.72684086,Scenario B (Beta = 1.76)
22.78558338,Scenario B (Beta = 1.76)
32.75261324,Scenario B (Beta = 1.76)
30.08130081,Scenario B (Beta = 1.76)
34.21052632,Scenario B (Beta = 1.76)
16.23454328,Scenario B (Beta = 1.76)
-11.19592875,Scenario B (Beta = 1.76)
31.17569353,Scenario B (Beta = 1.76)
34.24947146,Scenario B (Beta = 1.76)
31.9500347,Scenario B (Beta = 1.76)
0.326797386,Scenario B (Beta = 1.76)
25.64102564,Scenario B (Beta = 1.76)
62.24832215,Scenario B (Beta = 1.76)
-2.666666667,Scenario B (Beta = 1.76)
-34.25925926,Scenario B (Beta = 1.76)
23.99891775,Scenario B (Beta = 1.76)
48.86039886,Scenario B (Beta = 1.76)
15.32091097,Scenario B (Beta = 1.76)
27.5390625,Scenario B (Beta = 1.76)
39.47368421,Scenario B (Beta = 1.76)
-10.6122449,Scenario B (Beta = 1.76)
29.06724512,Scenario B (Beta = 1.76)
47.43112435,Scenario B (Beta = 1.76)
18.47887324,Scenario B (Beta = 1.76)
21.40906608,Scenario B (Beta = 1.76)
26.86703097,Scenario B (Beta = 1.76)
19.14368053,Scenario B (Beta = 1.76)
-0.560747664,Scenario B (Beta = 1.76)
45.28301887,Scenario B (Beta = 1.76)
37.56038647,Scenario B (Beta = 1.76)
47.45762712,Scenario B (Beta = 1.76)
40.54054054,Scenario B (Beta = 1.76)
53.28947368,Scenario B (Beta = 1.76)
-4.005722461,Scenario B (Beta = 1.76)
44.045677,Scenario B (Beta = 1.76)
32.29166667,Scenario B (Beta = 1.76)
29.40074906,Scenario B (Beta = 1.76)
-2.583586626,Scenario B (Beta = 1.76)
46.55172414,Scenario B (Beta = 1.76)
38.10402066,Scenario B (Beta = 1.76)
12.61682243,Scenario B (Beta = 1.76)
79.37273824,Scenario B (Beta = 1.76)
73.28077092,Scenario B (Beta = 1.76)
45.80152672,Scenario B (Beta = 1.76)
3.159340659,Scenario B (Beta = 1.76)
47.82608696,Scenario B (Beta = 1.76)
51.82829889,Scenario B (Beta = 1.76)
40.05235602,Scenario B (Beta = 1.76)
34.00961025,Scenario B (Beta = 1.76)
25.83333333,Scenario B (Beta = 1.76)
26.31865144,Scenario B (Beta = 1.76)
65.55183946,Scenario B (Beta = 1.76)
7.157676349,Scenario B (Beta = 1.76)
52.36907731,Scenario B (Beta = 1.76)
32.31396534,Scenario B (Beta = 1.76)
56.41791045,Scenario B (Beta = 1.76)
34.07466243,Scenario B (Beta = 1.76)
6.360424028,Scenario B (Beta = 1.76)
33.50515464,Scenario B (Beta = 1.76)
27.95275591,Scenario B (Beta = 1.76)
11.9266055,Scenario B (Beta = 1.76)
53.63881402,Scenario B (Beta = 1.76)
7.216494845,Scenario B (Beta = 1.76)
55.82010582,Scenario B (Beta = 1.76)
68.55895197,Scenario B (Beta = 1.76)
-0.902934537,Scenario B (Beta = 1.76)
41.80225282,Scenario B (Beta = 1.76)
49.00332226,Scenario B (Beta = 1.76)
37.55555556,Scenario B (Beta = 1.76)
33.4375,Scenario B (Beta = 1.76)
18.55895197,Scenario B (Beta = 1.76)
2.077922078,Scenario B (Beta = 1.76)
29.57198444,Scenario B (Beta = 1.76)
72.31726283,Scenario B (Beta = 1.76)
16.16405308,Scenario B (Beta = 1.76)
22.34432234,Scenario B (Beta = 1.76)
63.95450569,Scenario B (Beta = 1.76)
55.76923077,Scenario B (Beta = 1.76)
10.16483516,Scenario B (Beta = 1.76)
1.53256705,Scenario B (Beta = 1.76)
19.66942149,Scenario B (Beta = 1.76)
-14.1509434,Scenario B (Beta = 1.76)
47.87472036,Scenario B (Beta = 1.76)
26.52849741,Scenario B (Beta = 1.76)
22.59953162,Scenario B (Beta = 1.76)
37.82771536,Scenario B (Beta = 1.76)
72.72727273,Scenario B (Beta = 1.76)
3.827751196,Scenario B (Beta = 1.76)
18.26923077,Scenario B (Beta = 1.76)
35.59977888,Scenario B (Beta = 1.76)
51.12716763,Scenario B (Beta = 1.76)
19.10828025,Scenario B (Beta = 1.76)
104.2979943,Scenario B (Beta = 1.76)
22.22222222,Scenario B (Beta = 1.76)
4.47761194,Scenario B (Beta = 1.76)
19.3258427,Scenario B (Beta = 1.76)
51.4940239,Scenario B (Beta = 1.76)
48.30769231,Scenario B (Beta = 1.76)
86.50627615,Scenario B (Beta = 1.76)
60.8040201,Scenario B (Beta = 1.76)
77.14285714,Scenario B (Beta = 1.76)
63.00813008,Scenario B (Beta = 1.76)
26.51550208,Scenario B (Beta = 1.76)
47.16981132,Scenario B (Beta = 1.76)
62.35294118,Scenario B (Beta = 1.76)
-6.534090909,Scenario B (Beta = 1.76)
32.36514523,Scenario B (Beta = 1.76)
18.5520362,Scenario B (Beta = 1.76)
13.36206897,Scenario B (Beta = 1.76)
112.6836092,Scenario B (Beta = 1.76)
13.78640777,Scenario B (Beta = 1.76)
72.42339833,Scenario B (Beta = 1.76)
37.19512195,Scenario B (Beta = 1.76)
66.66666667,Scenario B (Beta = 1.76)
26.65036675,Scenario B (Beta = 1.76)
51.21412804,Scenario B (Beta = 1.76)
89.31506849,Scenario B (Beta = 1.76)
105.6705671,Scenario B (Beta = 1.76)
8.178438662,Scenario B (Beta = 1.76)
101.4577259,Scenario B (Beta = 1.76)
56.36363636,Scenario B (Beta = 1.76)
125.1937984,Scenario B (Beta = 1.76)
38.82149047,Scenario B (Beta = 1.76)
95.32374101,Scenario B (Beta = 1.76)
38.36477987,Scenario B (Beta = 1.76)
68.48484848,Scenario B (Beta = 1.76)
27.69953052,Scenario B (Beta = 1.76)
63.83989145,Scenario B (Beta = 1.76)
61.80967239,Scenario B (Beta = 1.76)
123.9583333,Scenario B (Beta = 1.76)
112.5890736,Scenario B (Beta = 1.76)
31.38686131,Scenario B (Beta = 1.76)
47.0212766,Scenario B (Beta = 1.76)
132.7361564,Scenario B (Beta = 1.76)
41.15384615,Scenario B (Beta = 1.76)
41.35802469,Scenario B (Beta = 1.76)
77.5,Scenario B (Beta = 1.76)
55.72105619,Scenario B (Beta = 1.76)
35.65505804,Scenario B (Beta = 1.76)
80.10657194,Scenario B (Beta = 1.76)
62.99212598,Scenario B (Beta = 1.76)
63.77118644,Scenario B (Beta = 1.76)
25.44247788,Scenario B (Beta = 1.76)
64.30921053,Scenario B (Beta = 1.76)
91.81946403,Scenario B (Beta = 1.76)
62.11498973,Scenario B (Beta = 1.76)
70.92696629,Scenario B (Beta = 1.76)
52.55681818,Scenario B (Beta = 1.76)
134.5309381,Scenario B (Beta = 1.76)
143.5897436,Scenario B (Beta = 1.76)
112.0038722,Scenario B (Beta = 1.76)
45.65656566,Scenario B (Beta = 1.76)
22.87234043,Scenario B (Beta = 1.76)
122.7891156,Scenario B (Beta = 1.76)
150.3703704,Scenario B (Beta = 1.76)
54.03508772,Scenario B (Beta = 1.76)
40.71428571,Scenario B (Beta = 1.76)
89.10891089,Scenario B (Beta = 1.76)
127.744511,Scenario B (Beta = 1.76)
151.010101,Scenario B (Beta = 1.76)
89.74358974,Scenario B (Beta = 1.76)
39.77055449,Scenario B (Beta = 1.76)
174.0740741,Scenario B (Beta = 1.76)
103.7735849,Scenario B (Beta = 1.76)
73.25,Scenario B (Beta = 1.76)
36.30952381,Scenario B (Beta = 1.76)
79.67914439,Scenario B (Beta = 1.76)
80.01355014,Scenario B (Beta = 1.76)
49.40239044,Scenario B (Beta = 1.76)
72.99703264,Scenario B (Beta = 1.76)
147.9166667,Scenario B (Beta = 1.76)
152.6501767,Scenario B (Beta = 1.76)
63.22869955,Scenario B (Beta = 1.76)
60.5,Scenario B (Beta = 1.76)
127.7461351,Scenario B (Beta = 1.76)
183.3333333,Scenario B (Beta = 1.76)
56.81818182,Scenario B (Beta = 1.76)
101.532567,Scenario B (Beta = 1.76)
149.4661922,Scenario B (Beta = 1.76)
137.6681614,Scenario B (Beta = 1.76)
187.6404494,Scenario B (Beta = 1.76)
149.6644295,Scenario B (Beta = 1.76)
184.7058824,Scenario B (Beta = 1.76)
97.14285714,Scenario B (Beta = 1.76)
150.7331378,Scenario B (Beta = 1.76)
46.42857143,Scenario B (Beta = 1.76)
144.4444444,Scenario B (Beta = 1.76)
155.0724638,Scenario B (Beta = 1.76)
109.5057034,Scenario B (Beta = 1.76)
153.7313433,Scenario B (Beta = 1.76)
203.8387716,Scenario B (Beta = 1.76)
109.5238095,Scenario B (Beta = 1.76)
130.1886792,Scenario B (Beta = 1.76)
194.6428571,Scenario B (Beta = 1.76)
257.0621469,Scenario B (Beta = 1.76)
373.1343284,Scenario B (Beta = 1.76)
489.5910781,Scenario B (Beta = 1.76)
-73.79868488,Scenario B (Beta = 2.63)
-73.2404516,Scenario B (Beta = 2.63)
-68.08721506,Scenario B (Beta = 2.63)
-64.08163265,Scenario B (Beta = 2.63)
-58.44134125,Scenario B (Beta = 2.63)
-56.8464467,Scenario B (Beta = 2.63)
-56.3291966,Scenario B (Beta = 2.63)
-56.27381255,Scenario B (Beta = 2.63)
-54.27499564,Scenario B (Beta = 2.63)
-53.15009265,Scenario B (Beta = 2.63)
-52.81040268,Scenario B (Beta = 2.63)
-51.94112628,Scenario B (Beta = 2.63)
-50.52539405,Scenario B (Beta = 2.63)
-50.05429619,Scenario B (Beta = 2.63)
-49.13793103,Scenario B (Beta = 2.63)
-48.95424837,Scenario B (Beta = 2.63)
-48.69713798,Scenario B (Beta = 2.63)
-48.15229563,Scenario B (Beta = 2.63)
-46.97779027,Scenario B (Beta = 2.63)
-46.12762476,Scenario B (Beta = 2.63)
-46.08603667,Scenario B (Beta = 2.63)
-45.5994898,Scenario B (Beta = 2.63)
-45.42090657,Scenario B (Beta = 2.63)
-45.17005324,Scenario B (Beta = 2.63)
-43.65170184,Scenario B (Beta = 2.63)
-43.55182851,Scenario B (Beta = 2.63)
-43.40301659,Scenario B (Beta = 2.63)
-42.99118443,Scenario B (Beta = 2.63)
-42.34314073,Scenario B (Beta = 2.63)
-42.00545525,Scenario B (Beta = 2.63)
-41.9866636,Scenario B (Beta = 2.63)
-41.88652813,Scenario B (Beta = 2.63)
-41.57147042,Scenario B (Beta = 2.63)
-40.74074074,Scenario B (Beta = 2.63)
-40.28851108,Scenario B (Beta = 2.63)
-38.34407536,Scenario B (Beta = 2.63)
-38.24571498,Scenario B (Beta = 2.63)
-37.34939759,Scenario B (Beta = 2.63)
-36.60457077,Scenario B (Beta = 2.63)
-35.79638752,Scenario B (Beta = 2.63)
-35.48235294,Scenario B (Beta = 2.63)
-35.37280355,Scenario B (Beta = 2.63)
-35.19339365,Scenario B (Beta = 2.63)
-34.63338534,Scenario B (Beta = 2.63)
-34.17372881,Scenario B (Beta = 2.63)
-33.73826615,Scenario B (Beta = 2.63)
-33.72687352,Scenario B (Beta = 2.63)
-33.69093497,Scenario B (Beta = 2.63)
-33.56072828,Scenario B (Beta = 2.63)
-33.32158245,Scenario B (Beta = 2.63)
-31.75129776,Scenario B (Beta = 2.63)
-31.72536253,Scenario B (Beta = 2.63)
-30.97962297,Scenario B (Beta = 2.63)
-30.19977938,Scenario B (Beta = 2.63)
-29.39407342,Scenario B (Beta = 2.63)
-28.8373425,Scenario B (Beta = 2.63)
-28.70633538,Scenario B (Beta = 2.63)
-27.55905512,Scenario B (Beta = 2.63)
-27.54484177,Scenario B (Beta = 2.63)
-26.93668077,Scenario B (Beta = 2.63)
-26.93382037,Scenario B (Beta = 2.63)
-26.52182423,Scenario B (Beta = 2.63)
-26.2604121,Scenario B (Beta = 2.63)
-26.16013072,Scenario B (Beta = 2.63)
-24.62197581,Scenario B (Beta = 2.63)
-24.57912458,Scenario B (Beta = 2.63)
-24.41520468,Scenario B (Beta = 2.63)
-24.23903312,Scenario B (Beta = 2.63)
-23.96788991,Scenario B (Beta = 2.63)
-23.96677472,Scenario B (Beta = 2.63)
-23.87028177,Scenario B (Beta = 2.63)
-23.4421365,Scenario B (Beta = 2.63)
-23.33333333,Scenario B (Beta = 2.63)
-22.90622564,Scenario B (Beta = 2.63)
-22.67857143,Scenario B (Beta = 2.63)
-22.65880812,Scenario B (Beta = 2.63)
-21.50102765,Scenario B (Beta = 2.63)
-21.43442623,Scenario B (Beta = 2.63)
-20.56134723,Scenario B (Beta = 2.63)
-20.39821211,Scenario B (Beta = 2.63)
-20.16711514,Scenario B (Beta = 2.63)
-18.01040312,Scenario B (Beta = 2.63)
-18.00766284,Scenario B (Beta = 2.63)
-17.71413762,Scenario B (Beta = 2.63)
-17.49435666,Scenario B (Beta = 2.63)
-16.50629164,Scenario B (Beta = 2.63)
-15.97796143,Scenario B (Beta = 2.63)
-12.06392313,Scenario B (Beta = 2.63)
-11.50895141,Scenario B (Beta = 2.63)
-11.16600791,Scenario B (Beta = 2.63)
-11.13914924,Scenario B (Beta = 2.63)
-10.47619048,Scenario B (Beta = 2.63)
-10.17105263,Scenario B (Beta = 2.63)
-10.09971427,Scenario B (Beta = 2.63)
-7.947019868,Scenario B (Beta = 2.63)
-7.807905913,Scenario B (Beta = 2.63)
-7.293052968,Scenario B (Beta = 2.63)
-6.130425838,Scenario B (Beta = 2.63)
-5.25404157,Scenario B (Beta = 2.63)
-5.101423781,Scenario B (Beta = 2.63)
-3.696498054,Scenario B (Beta = 2.63)
-3.569682152,Scenario B (Beta = 2.63)
-2.551984877,Scenario B (Beta = 2.63)
-2.107279693,Scenario B (Beta = 2.63)
-1.35501355,Scenario B (Beta = 2.63)
-0.434116445,Scenario B (Beta = 2.63)
0.432692308,Scenario B (Beta = 2.63)
1.354303189,Scenario B (Beta = 2.63)
1.467181467,Scenario B (Beta = 2.63)
2.096436059,Scenario B (Beta = 2.63)
2.405498282,Scenario B (Beta = 2.63)
2.659574468,Scenario B (Beta = 2.63)
4.225352113,Scenario B (Beta = 2.63)
4.512635379,Scenario B (Beta = 2.63)
5.741626794,Scenario B (Beta = 2.63)
6.610526316,Scenario B (Beta = 2.63)
6.959766385,Scenario B (Beta = 2.63)
7.394513299,Scenario B (Beta = 2.63)
8.223684211,Scenario B (Beta = 2.63)
8.325449385,Scenario B (Beta = 2.63)
9.237726098,Scenario B (Beta = 2.63)
9.615384615,Scenario B (Beta = 2.63)
10.31578947,Scenario B (Beta = 2.63)
10.50339086,Scenario B (Beta = 2.63)
10.81555834,Scenario B (Beta = 2.63)
11.44982762,Scenario B (Beta = 2.63)
11.73980842,Scenario B (Beta = 2.63)
11.88118812,Scenario B (Beta = 2.63)
11.99233716,Scenario B (Beta = 2.63)
13.88012618,Scenario B (Beta = 2.63)
14.58966565,Scenario B (Beta = 2.63)
14.76230192,Scenario B (Beta = 2.63)
15.98440546,Scenario B (Beta = 2.63)
16.98685541,Scenario B (Beta = 2.63)
17.49271137,Scenario B (Beta = 2.63)
17.55339806,Scenario B (Beta = 2.63)
17.61978362,Scenario B (Beta = 2.63)
17.98208191,Scenario B (Beta = 2.63)
18.17026684,Scenario B (Beta = 2.63)
18.67192636,Scenario B (Beta = 2.63)
20.46783626,Scenario B (Beta = 2.63)
21.45830623,Scenario B (Beta = 2.63)
21.73781411,Scenario B (Beta = 2.63)
22.76507277,Scenario B (Beta = 2.63)
24.16107383,Scenario B (Beta = 2.63)
24.5641075,Scenario B (Beta = 2.63)
24.63208685,Scenario B (Beta = 2.63)
24.80314961,Scenario B (Beta = 2.63)
25.34129693,Scenario B (Beta = 2.63)
27.86885246,Scenario B (Beta = 2.63)
27.99325464,Scenario B (Beta = 2.63)
28.0190678,Scenario B (Beta = 2.63)
28.91957758,Scenario B (Beta = 2.63)
29.54876274,Scenario B (Beta = 2.63)
29.74186308,Scenario B (Beta = 2.63)
30.21947102,Scenario B (Beta = 2.63)
30.57894737,Scenario B (Beta = 2.63)
30.70342205,Scenario B (Beta = 2.63)
34.43890928,Scenario B (Beta = 2.63)
35.58558559,Scenario B (Beta = 2.63)
36.75213675,Scenario B (Beta = 2.63)
37.62886598,Scenario B (Beta = 2.63)
38.40769904,Scenario B (Beta = 2.63)
38.88888889,Scenario B (Beta = 2.63)
39.24914676,Scenario B (Beta = 2.63)
40.47344111,Scenario B (Beta = 2.63)
40.50925926,Scenario B (Beta = 2.63)
41.89814815,Scenario B (Beta = 2.63)
42.43697479,Scenario B (Beta = 2.63)
42.53632761,Scenario B (Beta = 2.63)
43.58974359,Scenario B (Beta = 2.63)
44.6290144,Scenario B (Beta = 2.63)
45.22263451,Scenario B (Beta = 2.63)
45.50958628,Scenario B (Beta = 2.63)
45.54865424,Scenario B (Beta = 2.63)
45.84527221,Scenario B (Beta = 2.63)
46.0023175,Scenario B (Beta = 2.63)
46.64088932,Scenario B (Beta = 2.63)
47.8007762,Scenario B (Beta = 2.63)
48.60517206,Scenario B (Beta = 2.63)
49.97205143,Scenario B (Beta = 2.63)
51.06664705,Scenario B (Beta = 2.63)
52.12609971,Scenario B (Beta = 2.63)
52.83018868,Scenario B (Beta = 2.63)
54.81522956,Scenario B (Beta = 2.63)
55.18518519,Scenario B (Beta = 2.63)
55.52133744,Scenario B (Beta = 2.63)
55.55995251,Scenario B (Beta = 2.63)
56.3896336,Scenario B (Beta = 2.63)
56.64007508,Scenario B (Beta = 2.63)
58.01324503,Scenario B (Beta = 2.63)
58.53658537,Scenario B (Beta = 2.63)
58.82352941,Scenario B (Beta = 2.63)
60.41033435,Scenario B (Beta = 2.63)
60.90604027,Scenario B (Beta = 2.63)
62.23582856,Scenario B (Beta = 2.63)
64.16666667,Scenario B (Beta = 2.63)
64.32346723,Scenario B (Beta = 2.63)
64.37552389,Scenario B (Beta = 2.63)
66.08119781,Scenario B (Beta = 2.63)
66.40790402,Scenario B (Beta = 2.63)
66.50831354,Scenario B (Beta = 2.63)
66.85400122,Scenario B (Beta = 2.63)
67.07317073,Scenario B (Beta = 2.63)
67.4796748,Scenario B (Beta = 2.63)
68.42105263,Scenario B (Beta = 2.63)
73.47427204,Scenario B (Beta = 2.63)
73.53689567,Scenario B (Beta = 2.63)
73.57992074,Scenario B (Beta = 2.63)
73.99577167,Scenario B (Beta = 2.63)
75.11450382,Scenario B (Beta = 2.63)
75.16339869,Scenario B (Beta = 2.63)
76.92307692,Scenario B (Beta = 2.63)
77.34899329,Scenario B (Beta = 2.63)
77.45454545,Scenario B (Beta = 2.63)
77.77777778,Scenario B (Beta = 2.63)
78.24675325,Scenario B (Beta = 2.63)
80.34188034,Scenario B (Beta = 2.63)
80.59006211,Scenario B (Beta = 2.63)
82.03125,Scenario B (Beta = 2.63)
82.16374269,Scenario B (Beta = 2.63)
82.44897959,Scenario B (Beta = 2.63)
83.51409978,Scenario B (Beta = 2.63)
84.43782576,Scenario B (Beta = 2.63)
85.29577465,Scenario B (Beta = 2.63)
85.96395412,Scenario B (Beta = 2.63)
86.8852459,Scenario B (Beta = 2.63)
90.57225196,Scenario B (Beta = 2.63)
91.40186916,Scenario B (Beta = 2.63)
91.77897574,Scenario B (Beta = 2.63)
92.14975845,Scenario B (Beta = 2.63)
92.37288136,Scenario B (Beta = 2.63)
95.67567568,Scenario B (Beta = 2.63)
95.72368421,Scenario B (Beta = 2.63)
96.13733906,Scenario B (Beta = 2.63)
100.4893964,Scenario B (Beta = 2.63)
100.6793478,Scenario B (Beta = 2.63)
100.7490637,Scenario B (Beta = 2.63)
101.3677812,Scenario B (Beta = 2.63)
102.0114943,Scenario B (Beta = 2.63)
103.0247141,Scenario B (Beta = 2.63)
104.6728972,Scenario B (Beta = 2.63)
104.7044632,Scenario B (Beta = 2.63)
105.6066579,Scenario B (Beta = 2.63)
106.1068702,Scenario B (Beta = 2.63)
106.3873626,Scenario B (Beta = 2.63)
107.4879227,Scenario B (Beta = 2.63)
109.2209857,Scenario B (Beta = 2.63)
110.122164,Scenario B (Beta = 2.63)
110.1441538,Scenario B (Beta = 2.63)
110.8333333,Scenario B (Beta = 2.63)
111.9630234,Scenario B (Beta = 2.63)
112.0401338,Scenario B (Beta = 2.63)
112.4481328,Scenario B (Beta = 2.63)
113.2169576,Scenario B (Beta = 2.63)
114.3730887,Scenario B (Beta = 2.63)
115.0746269,Scenario B (Beta = 2.63)
115.8061954,Scenario B (Beta = 2.63)
117.4558304,Scenario B (Beta = 2.63)
117.4971363,Scenario B (Beta = 2.63)
119.2913386,Scenario B (Beta = 2.63)
123.5474006,Scenario B (Beta = 2.63)
124.7978437,Scenario B (Beta = 2.63)
128.3505155,Scenario B (Beta = 2.63)
128.8359788,Scenario B (Beta = 2.63)
131.8777293,Scenario B (Beta = 2.63)
132.5056433,Scenario B (Beta = 2.63)
132.7909887,Scenario B (Beta = 2.63)
133.7209302,Scenario B (Beta = 2.63)
134.8444444,Scenario B (Beta = 2.63)
140.625,Scenario B (Beta = 2.63)
141.7030568,Scenario B (Beta = 2.63)
142.0779221,Scenario B (Beta = 2.63)
143.5797665,Scenario B (Beta = 2.63)
144.4790047,Scenario B (Beta = 2.63)
145.1145959,Scenario B (Beta = 2.63)
145.2991453,Scenario B (Beta = 2.63)
146.9816273,Scenario B (Beta = 2.63)
148.5576923,Scenario B (Beta = 2.63)
149.1758242,Scenario B (Beta = 2.63)
150.3831418,Scenario B (Beta = 2.63)
152.7272727,Scenario B (Beta = 2.63)
152.8301887,Scenario B (Beta = 2.63)
156.8232662,Scenario B (Beta = 2.63)
157.7202073,Scenario B (Beta = 2.63)
158.1967213,Scenario B (Beta = 2.63)
161.423221,Scenario B (Beta = 2.63)
161.7810761,Scenario B (Beta = 2.63)
161.8421053,Scenario B (Beta = 2.63)
162.8846154,Scenario B (Beta = 2.63)
162.962963,Scenario B (Beta = 2.63)
163.150289,Scenario B (Beta = 2.63)
164.0764331,Scenario B (Beta = 2.63)
170.6303725,Scenario B (Beta = 2.63)
171.6475096,Scenario B (Beta = 2.63)
172.2814499,Scenario B (Beta = 2.63)
173.5955056,Scenario B (Beta = 2.63)
175.1992032,Scenario B (Beta = 2.63)
175.6923077,Scenario B (Beta = 2.63)
175.7322176,Scenario B (Beta = 2.63)
176.0469012,Scenario B (Beta = 2.63)
177.1428571,Scenario B (Beta = 2.63)
177.6422764,Scenario B (Beta = 2.63)
180.5182786,Scenario B (Beta = 2.63)
183.9622642,Scenario B (Beta = 2.63)
186.1764706,Scenario B (Beta = 2.63)
188.0681818,Scenario B (Beta = 2.63)
191.2863071,Scenario B (Beta = 2.63)
191.8552036,Scenario B (Beta = 2.63)
193.1034483,Scenario B (Beta = 2.63)
194.0778736,Scenario B (Beta = 2.63)
194.9514563,Scenario B (Beta = 2.63)
195.9610028,Scenario B (Beta = 2.63)
198.7804878,Scenario B (Beta = 2.63)
199.3589744,Scenario B (Beta = 2.63)
200.407498,Scenario B (Beta = 2.63)
207.2847682,Scenario B (Beta = 2.63)
213.9726027,Scenario B (Beta = 2.63)
214.8514851,Scenario B (Beta = 2.63)
217.8438662,Scenario B (Beta = 2.63)
218.0758017,Scenario B (Beta = 2.63)
220.9090909,Scenario B (Beta = 2.63)
224.4186047,Scenario B (Beta = 2.63)
228.9428076,Scenario B (Beta = 2.63)
229.676259,Scenario B (Beta = 2.63)
232.9140461,Scenario B (Beta = 2.63)
234.9090909,Scenario B (Beta = 2.63)
240.3755869,Scenario B (Beta = 2.63)
241.6553596,Scenario B (Beta = 2.63)
242.7769111,Scenario B (Beta = 2.63)
248.9583333,Scenario B (Beta = 2.63)
252.2565321,Scenario B (Beta = 2.63)
254.0145985,Scenario B (Beta = 2.63)
259.5744681,Scenario B (Beta = 2.63)
259.6091205,Scenario B (Beta = 2.63)
263.2692308,Scenario B (Beta = 2.63)
269.7530864,Scenario B (Beta = 2.63)
272.5,Scenario B (Beta = 2.63)
273.5274204,Scenario B (Beta = 2.63)
273.6318408,Scenario B (Beta = 2.63)
277.9751332,Scenario B (Beta = 2.63)
278.3464567,Scenario B (Beta = 2.63)
281.0381356,Scenario B (Beta = 2.63)
282.079646,Scenario B (Beta = 2.63)
287.6644737,Scenario B (Beta = 2.63)
287.7291961,Scenario B (Beta = 2.63)
290.1437372,Scenario B (Beta = 2.63)
306.8820225,Scenario B (Beta = 2.63)
309.375,Scenario B (Beta = 2.63)
309.5808383,Scenario B (Beta = 2.63)
311.2820513,Scenario B (Beta = 2.63)
314.8112294,Scenario B (Beta = 2.63)
314.9494949,Scenario B (Beta = 2.63)
317.5531915,Scenario B (Beta = 2.63)
325.5102041,Scenario B (Beta = 2.63)
328.6419753,Scenario B (Beta = 2.63)
330.1754386,Scenario B (Beta = 2.63)
331.1904762,Scenario B (Beta = 2.63)
331.6831683,Scenario B (Beta = 2.63)
331.9361277,Scenario B (Beta = 2.63)
332.7441077,Scenario B (Beta = 2.63)
336.9230769,Scenario B (Beta = 2.63)
339.9617591,Scenario B (Beta = 2.63)
340.7407407,Scenario B (Beta = 2.63)
345.2830189,Scenario B (Beta = 2.63)
346.25,Scenario B (Beta = 2.63)
347.0238095,Scenario B (Beta = 2.63)
349.197861,Scenario B (Beta = 2.63)
350.6097561,Scenario B (Beta = 2.63)
363.3466135,Scenario B (Beta = 2.63)
364.3916914,Scenario B (Beta = 2.63)
391.6666667,Scenario B (Beta = 2.63)
401.0600707,Scenario B (Beta = 2.63)
439.9103139,Scenario B (Beta = 2.63)
442,Scenario B (Beta = 2.63)
451.261188,Scenario B (Beta = 2.63)
460.2150538,Scenario B (Beta = 2.63)
467.4242424,Scenario B (Beta = 2.63)
490.0383142,Scenario B (Beta = 2.63)
494.3060498,Scenario B (Beta = 2.63)
499.103139,Scenario B (Beta = 2.63)
515.9550562,Scenario B (Beta = 2.63)
530.2013423,Scenario B (Beta = 2.63)
530.7843137,Scenario B (Beta = 2.63)
557.1428571,Scenario B (Beta = 2.63)
558.9442815,Scenario B (Beta = 2.63)
583.9285714,Scenario B (Beta = 2.63)
585.4166667,Scenario B (Beta = 2.63)
599.1304348,Scenario B (Beta = 2.63)
685.5513308,Scenario B (Beta = 2.63)
729.8507463,Scenario B (Beta = 2.63)
864.8752399,Scenario B (Beta = 2.63)
873.3333333,Scenario B (Beta = 2.63)
950,Scenario B (Beta = 2.63)
1076.785714,Scenario B (Beta = 2.63)
1222.59887,Scenario B (Beta = 2.63)
1263.880597,Scenario B (Beta = 2.63)
2095.35316,Scenario B (Beta = 2.63)
